0	Beats Per Minute
1	Chorus Filter Cutoff
2	Chorus Delay 1
3	Chorus Delay 2
4	Chorus Mix
5	Chorus Feedback
6	Chorus Frequency
7	Chorus Mod Depth
8	Chorus Switch
9	Chorus Sync
10	Chorus Tempo
11	Compressor Attack
12	Compressor Band Gain
13	Band Lower Ratio
14	Band Lower Threshold
15	Band Upper Ratio
16	Band Upper Threshold
17	Compressor Enabled Bands
18	Compressor High Gain
19	High Lower Ratio
20	High Lower Threshold
21	High Upper Ratio
22	High Upper Threshold
23	Compressor Low Gain
24	Low Lower Ratio
25	Low Lower Threshold
26	Low Upper Ratio
27	Low Upper Threshold
28	Compressor Switch
29	Compressor Release
30	Delay Mix
31	Delay Feedback
32	Delay Filter Cutoff
33	Delay Filter Spread
34	Delay Frequency
35	Delay Switch
36	Delay Style
37	Delay Sync
38	Delay Tempo
39	Distortion Drive
40	Distortion Filter Blend
41	Distortion Filter Cutoff
42	Distortion Filter Order
43	Distortion Filter Resonance
44	Distortion Mix
45	Distortion Switch
46	Distortion Type
47	Effect Chain Order
48	Envelope 1 Attack
49	Envelope 1 Attack Power
50	Envelope 1 Decay
51	Envelope 1 Decay Power
52	Envelope 1 Release
53	Envelope 1 Release Power
54	Envelope 1 Sustain
55	Envelope 2 Attack
56	Envelope 2 Attack Power
57	Envelope 2 Decay
58	Envelope 2 Decay Power
59	Envelope 2 Release
60	Envelope 2 Release Power
61	Envelope 2 Sustain
62	Envelope 3 Attack
63	Envelope 3 Attack Power
64	Envelope 3 Decay
65	Envelope 3 Decay Power
66	Envelope 3 Release
67	Envelope 3 Release Power
68	Envelope 3 Sustain
69	Envelope 4 Attack
70	Envelope 4 Attack Power
71	Envelope 4 Decay
72	Envelope 4 Decay Power
73	Envelope 4 Release
74	Envelope 4 Release Power
75	Envelope 4 Sustain
76	Envelope 5 Attack
77	Envelope 5 Attack Power
78	Envelope 5 Decay
79	Envelope 5 Decay Power
80	Envelope 5 Release
81	Envelope 5 Release Power
82	Envelope 5 Sustain
83	Envelope 6 Attack
84	Envelope 6 Attack Power
85	Envelope 6 Decay
86	Envelope 6 Decay Power
87	Envelope 6 Release
88	Envelope 6 Release Power
89	Envelope 6 Sustain
90	EQ Band Cutoff
91	EQ Band Gain
92	EQ Band Resonance
93	EQ High Cutoff
94	EQ High Gain
95	EQ High Mode
96	EQ High Resonance
97	EQ Low Cutoff
98	EQ Low Gain
99	EQ Low Mode
100	EQ Low Resonance
101	EQ Switch
102	Filter 1 Blend
103	Filter 1 Comb Blend Offset
104	Filter 1 Cutoff
105	Filter 1 Drive
106	Filter 1 FILTER Input
107	Filter 1 Formant Resonance
108	Filter 1 Formant Transpose
109	Filter 1 Formant X
110	Filter 1 Formant Y
111	Filter 1 Key Track
112	Filter 1 Mix
113	Filter 1 Model
114	Filter 1 Switch
115	Filter 1 Resonance
116	Filter 1 Style
117	Filter 2 Blend
118	Filter 2 Comb Blend Offset
119	Filter 2 Cutoff
120	Filter 2 Drive
121	Filter 2 FILTER Input
122	Filter 2 Formant Resonance
123	Filter 2 Formant Transpose
124	Filter 2 Formant X
125	Filter 2 Formant Y
126	Filter 2 Key Track
127	Filter 2 Mix
128	Filter 2 Model
129	Filter 2 Switch
130	Filter 2 Resonance
131	Filter 2 Style
132	Filter fx Blend
133	Filter fx Comb Blend Offset
134	Filter fx Cutoff
135	Filter fx Drive
136	Filter fx Formant Resonance
137	Filter fx Formant Transpose
138	Filter fx Formant X
139	Filter fx Formant Y
140	Filter fx Key Track
141	Filter fx Mix
142	Filter fx Model
143	Filter fx Switch
144	Filter fx Resonance
145	Filter fx Style
146	Flanger Mix
147	Flanger Feedback
148	Flanger Frequency
149	Flanger Mod Depth
150	Flanger Switch
151	Flanger Phase Offset
152	Flanger Sync
153	Flanger Tempo
154	Legato
155	LFO 1 Delay
156	LFO 1 Fade In
157	LFO 1 Frequency
158	LFO 1 Phase
159	LFO 1 Sync
160	LFO 1 Sync Type
161	LFO 1 Tempo
162	LFO 2 Delay
163	LFO 2 Fade In
164	LFO 2 Frequency
165	LFO 2 Phase
166	LFO 2 Sync
167	LFO 2 Sync Type
168	LFO 2 Tempo
169	LFO 3 Delay
170	LFO 3 Fade In
171	LFO 3 Frequency
172	LFO 3 Phase
173	LFO 3 Sync
174	LFO 3 Sync Type
175	LFO 3 Tempo
176	LFO 4 Delay
177	LFO 4 Fade In
178	LFO 4 Frequency
179	LFO 4 Phase
180	LFO 4 Sync
181	LFO 4 Sync Type
182	LFO 4 Tempo
183	LFO 5 Delay
184	LFO 5 Fade In
185	LFO 5 Frequency
186	LFO 5 Phase
187	LFO 5 Sync
188	LFO 5 Sync Type
189	LFO 5 Tempo
190	LFO 6 Delay
191	LFO 6 Fade In
192	LFO 6 Frequency
193	LFO 6 Phase
194	LFO 6 Sync
195	LFO 6 Sync Type
196	LFO 6 Tempo
197	LFO 7 Delay
198	LFO 7 Fade In
199	LFO 7 Frequency
200	LFO 7 Phase
201	LFO 7 Sync
202	LFO 7 Sync Type
203	LFO 7 Tempo
204	LFO 8 Delay
205	LFO 8 Fade In
206	LFO 8 Frequency
207	LFO 8 Phase
208	LFO 8 Sync
209	LFO 8 Sync Type
210	LFO 8 Tempo
211	Macro 1
212	Macro 2
213	Macro 3
214	Macro 4
215	Modulation 10 Amount
216	Modulation 10 Bipolar
217	Modulation 10 Bypass
218	Modulation 10 Power
219	Modulation 10 Stereo
220	Modulation 11 Amount
221	Modulation 11 Bipolar
222	Modulation 11 Bypass
223	Modulation 11 Power
224	Modulation 11 Stereo
225	Modulation 12 Amount
226	Modulation 12 Bipolar
227	Modulation 12 Bypass
228	Modulation 12 Power
229	Modulation 12 Stereo
230	Modulation 13 Amount
231	Modulation 13 Bipolar
232	Modulation 13 Bypass
233	Modulation 13 Power
234	Modulation 13 Stereo
235	Modulation 14 Amount
236	Modulation 14 Bipolar
237	Modulation 14 Bypass
238	Modulation 14 Power
239	Modulation 14 Stereo
240	Modulation 15 Amount
241	Modulation 15 Bipolar
242	Modulation 15 Bypass
243	Modulation 15 Power
244	Modulation 15 Stereo
245	Modulation 16 Amount
246	Modulation 16 Bipolar
247	Modulation 16 Bypass
248	Modulation 16 Power
249	Modulation 16 Stereo
250	Modulation 17 Amount
251	Modulation 17 Bipolar
252	Modulation 17 Bypass
253	Modulation 17 Power
254	Modulation 17 Stereo
255	Modulation 18 Amount
256	Modulation 18 Bipolar
257	Modulation 18 Bypass
258	Modulation 18 Power
259	Modulation 18 Stereo
260	Modulation 19 Amount
261	Modulation 19 Bipolar
262	Modulation 19 Bypass
263	Modulation 19 Power
264	Modulation 19 Stereo
265	Modulation 1 Amount
266	Modulation 1 Bipolar
267	Modulation 1 Bypass
268	Modulation 1 Power
269	Modulation 1 Stereo
270	Modulation 20 Amount
271	Modulation 20 Bipolar
272	Modulation 20 Bypass
273	Modulation 20 Power
274	Modulation 20 Stereo
275	Modulation 21 Amount
276	Modulation 21 Bipolar
277	Modulation 21 Bypass
278	Modulation 21 Power
279	Modulation 21 Stereo
280	Modulation 22 Amount
281	Modulation 22 Bipolar
282	Modulation 22 Bypass
283	Modulation 22 Power
284	Modulation 22 Stereo
285	Modulation 23 Amount
286	Modulation 23 Bipolar
287	Modulation 23 Bypass
288	Modulation 23 Power
289	Modulation 23 Stereo
290	Modulation 24 Amount
291	Modulation 24 Bipolar
292	Modulation 24 Bypass
293	Modulation 24 Power
294	Modulation 24 Stereo
295	Modulation 25 Amount
296	Modulation 25 Bipolar
297	Modulation 25 Bypass
298	Modulation 25 Power
299	Modulation 25 Stereo
300	Modulation 26 Amount
301	Modulation 26 Bipolar
302	Modulation 26 Bypass
303	Modulation 26 Power
304	Modulation 26 Stereo
305	Modulation 27 Amount
306	Modulation 27 Bipolar
307	Modulation 27 Bypass
308	Modulation 27 Power
309	Modulation 27 Stereo
310	Modulation 28 Amount
311	Modulation 28 Bipolar
312	Modulation 28 Bypass
313	Modulation 28 Power
314	Modulation 28 Stereo
315	Modulation 29 Amount
316	Modulation 29 Bipolar
317	Modulation 29 Bypass
318	Modulation 29 Power
319	Modulation 29 Stereo
320	Modulation 2 Amount
321	Modulation 2 Bipolar
322	Modulation 2 Bypass
323	Modulation 2 Power
324	Modulation 2 Stereo
325	Modulation 30 Amount
326	Modulation 30 Bipolar
327	Modulation 30 Bypass
328	Modulation 30 Power
329	Modulation 30 Stereo
330	Modulation 31 Amount
331	Modulation 31 Bipolar
332	Modulation 31 Bypass
333	Modulation 31 Power
334	Modulation 31 Stereo
335	Modulation 32 Amount
336	Modulation 32 Bipolar
337	Modulation 32 Bypass
338	Modulation 32 Power
339	Modulation 32 Stereo
340	Modulation 3 Amount
341	Modulation 3 Bipolar
342	Modulation 3 Bypass
343	Modulation 3 Power
344	Modulation 3 Stereo
345	Modulation 4 Amount
346	Modulation 4 Bipolar
347	Modulation 4 Bypass
348	Modulation 4 Power
349	Modulation 4 Stereo
350	Modulation 5 Amount
351	Modulation 5 Bipolar
352	Modulation 5 Bypass
353	Modulation 5 Power
354	Modulation 5 Stereo
355	Modulation 6 Amount
356	Modulation 6 Bipolar
357	Modulation 6 Bypass
358	Modulation 6 Power
359	Modulation 6 Stereo
360	Modulation 7 Amount
361	Modulation 7 Bipolar
362	Modulation 7 Bypass
363	Modulation 7 Power
364	Modulation 7 Stereo
365	Modulation 8 Amount
366	Modulation 8 Bipolar
367	Modulation 8 Bypass
368	Modulation 8 Power
369	Modulation 8 Stereo
370	Modulation 9 Amount
371	Modulation 9 Bipolar
372	Modulation 9 Bypass
373	Modulation 9 Power
374	Modulation 9 Stereo
375	Oscillator 1 Detune Power
376	Oscillator 1 Detune Range
377	Oscillator 1 Distortion Amount
378	Oscillator 1 Distortion Phase
379	Oscillator 1 Distortion Spread
380	Oscillator 1 Distortion Type
381	Oscillator 1 Unison Frame Spread
382	Oscillator 1 Level
383	Oscillator 1 Midi Track
384	Oscillator 1 Switch
385	Oscillator 1 Pan
386	Oscillator 1 Phase
387	Oscillator 1 Phase Randomization
388	Oscillator 1 Smooth Interpolation
389	Oscillator 1 Stack Style
390	Oscillator 1 Stereo Spread
391	Oscillator 1 Transpose
392	Oscillator 1 Transpose Quantize
393	Oscillator 1 Tune
394	Oscillator 1 Blend
395	Oscillator 1 Unison Detune
396	Oscillator 1 Unison Voices
397	Oscillator 1 Wave Frame
398	Oscillator 2 Detune Power
399	Oscillator 2 Detune Range
400	Oscillator 2 Distortion Amount
401	Oscillator 2 Distortion Phase
402	Oscillator 2 Distortion Spread
403	Oscillator 2 Distortion Type
404	Oscillator 2 Unison Frame Spread
405	Oscillator 2 Level
406	Oscillator 2 Midi Track
407	Oscillator 2 Switch
408	Oscillator 2 Pan
409	Oscillator 2 Phase
410	Oscillator 2 Phase Randomization
411	Oscillator 2 Smooth Interpolation
412	Oscillator 2 Stack Style
413	Oscillator 2 Stereo Spread
414	Oscillator 2 Transpose
415	Oscillator 2 Transpose Quantize
416	Oscillator 2 Tune
417	Oscillator 2 Blend
418	Oscillator 2 Unison Detune
419	Oscillator 2 Unison Voices
420	Oscillator 2 Wave Frame
421	Oversampling
422	Phaser Center
423	Phaser Mix
424	Phaser Feedback
425	Phaser Frequency
426	Phaser Mod Depth
427	Phaser Switch
428	Phaser Phase Offset
429	Phaser Sync
430	Phaser Tempo
431	Pitch Bend Range
432	Polyphony
433	Portamento Force
434	Portamento Scale
435	Portamento Slope
436	Portamento Time
437	Reverb Chorus Amount
438	Reverb Chorus Frequency
439	Reverb Decay Time
440	Reverb Mix
441	Reverb High Cutoff
442	Reverb High Gain
443	Reverb Low Cutoff
444	Reverb Low Gain
445	Reverb Switch
446	Reverb Pre High Cutoff
447	Reverb Pre Low Cutoff
448	Sample Keytrack
449	Sample Level
450	Sample Loop
451	Sample Switch
452	Sample Pan
453	Sample Random Phase
454	Sample Transpose
455	Sample Transpose Quantize
456	Sample Tune
457	Stereo Routing
458	Velocity Track
459	Voice Amplitude
460	Voice Priority
461	Voice Tune
462	Volume
463	Mod Wheel
464	Pitch Wheel
465	Random LFO 1 Frequency
466	Random LFO 1 Stereo
467	Random LFO 1 Style
468	Random LFO 1 Sync
469	Random LFO 1 Tempo
470	Random LFO 2 Frequency
471	Random LFO 2 Stereo
472	Random LFO 2 Style
473	Random LFO 2 Sync
474	Random LFO 2 Tempo
475	Random LFO 3 Frequency
476	Random LFO 3 Stereo
477	Random LFO 3 Style
478	Random LFO 3 Sync
479	Random LFO 3 Tempo
480	Random LFO 4 Frequency
481	Random LFO 4 Stereo
482	Random LFO 4 Style
483	Random LFO 4 Sync
484	Random LFO 4 Tempo
485	Oscillator 1 View 2D
486	Oscillator 2 View 2D
487	LFO 1 Stereo
488	LFO 2 Stereo
489	LFO 3 Stereo
490	LFO 4 Stereo
491	LFO 5 Stereo
492	LFO 6 Stereo
493	LFO 7 Stereo
494	LFO 8 Stereo
495	Oscillator 1 Frequency Morph Amount
496	Oscillator 1 Frequency Morph Spread
497	Oscillator 1 Frequency Morph Type
498	Oscillator 2 Frequency Morph Amount
499	Oscillator 2 Frequency Morph Spread
500	Oscillator 2 Frequency Morph Type
501	Oscillator 1 Destination
502	Oscillator 1 Spectral Unison
503	Oscillator 2 Destination
504	Oscillator 2 Spectral Unison
505	Oscillator 3 Destination
506	Oscillator 3 Detune Power
507	Oscillator 3 Detune Range
508	Oscillator 3 Distortion Amount
509	Oscillator 3 Distortion Phase
510	Oscillator 3 Distortion Spread
511	Oscillator 3 Distortion Type
512	Oscillator 3 Unison Frame Spread
513	Oscillator 3 Level
514	Oscillator 3 Midi Track
515	Oscillator 3 Switch
516	Oscillator 3 Pan
517	Oscillator 3 Phase
518	Oscillator 3 Phase Randomization
519	Oscillator 3 Smooth Interpolation
520	Oscillator 3 Frequency Morph Amount
521	Oscillator 3 Frequency Morph Spread
522	Oscillator 3 Frequency Morph Type
523	Oscillator 3 Spectral Unison
524	Oscillator 3 Stack Style
525	Oscillator 3 Stereo Spread
526	Oscillator 3 Transpose
527	Oscillator 3 Transpose Quantize
528	Oscillator 3 Tune
529	Oscillator 3 Blend
530	Oscillator 3 Unison Detune
531	Oscillator 3 Unison Voices
532	Oscillator 3 View 2D
533	Oscillator 3 Wave Frame
534	Sample Destination
535	MPE Enabled
536	Envelope 1 Delay
537	Envelope 2 Delay
538	Envelope 3 Delay
539	Envelope 4 Delay
540	Envelope 5 Delay
541	Envelope 6 Delay
542	Envelope 1 Hold
543	Envelope 2 Hold
544	Envelope 3 Hold
545	Envelope 4 Hold
546	Envelope 5 Hold
547	Envelope 6 Hold
548	Flanger Center
549	EQ Band Mode
550	Reverb Size
551	Delay Frequency 2
552	Delay Sync 2
553	Delay Tempo 2
554	Chorus Voices
555	Phaser Blend
556	Random LFO 1 Sync Type
557	Random LFO 2 Sync Type
558	Random LFO 3 Sync Type
559	Random LFO 4 Sync Type
560	Modulation 33 Amount
561	Modulation 33 Bipolar
562	Modulation 33 Bypass
563	Modulation 33 Power
564	Modulation 33 Stereo
565	Modulation 34 Amount
566	Modulation 34 Bipolar
567	Modulation 34 Bypass
568	Modulation 34 Power
569	Modulation 34 Stereo
570	Modulation 35 Amount
571	Modulation 35 Bipolar
572	Modulation 35 Bypass
573	Modulation 35 Power
574	Modulation 35 Stereo
575	Modulation 36 Amount
576	Modulation 36 Bipolar
577	Modulation 36 Bypass
578	Modulation 36 Power
579	Modulation 36 Stereo
580	Modulation 37 Amount
581	Modulation 37 Bipolar
582	Modulation 37 Bypass
583	Modulation 37 Power
584	Modulation 37 Stereo
585	Modulation 38 Amount
586	Modulation 38 Bipolar
587	Modulation 38 Bypass
588	Modulation 38 Power
589	Modulation 38 Stereo
590	Modulation 39 Amount
591	Modulation 39 Bipolar
592	Modulation 39 Bypass
593	Modulation 39 Power
594	Modulation 39 Stereo
595	Modulation 40 Amount
596	Modulation 40 Bipolar
597	Modulation 40 Bypass
598	Modulation 40 Power
599	Modulation 40 Stereo
600	Modulation 41 Amount
601	Modulation 41 Bipolar
602	Modulation 41 Bypass
603	Modulation 41 Power
604	Modulation 41 Stereo
605	Modulation 42 Amount
606	Modulation 42 Bipolar
607	Modulation 42 Bypass
608	Modulation 42 Power
609	Modulation 42 Stereo
610	Modulation 43 Amount
611	Modulation 43 Bipolar
612	Modulation 43 Bypass
613	Modulation 43 Power
614	Modulation 43 Stereo
615	Modulation 44 Amount
616	Modulation 44 Bipolar
617	Modulation 44 Bypass
618	Modulation 44 Power
619	Modulation 44 Stereo
620	Modulation 45 Amount
621	Modulation 45 Bipolar
622	Modulation 45 Bypass
623	Modulation 45 Power
624	Modulation 45 Stereo
625	Modulation 46 Amount
626	Modulation 46 Bipolar
627	Modulation 46 Bypass
628	Modulation 46 Power
629	Modulation 46 Stereo
630	Modulation 47 Amount
631	Modulation 47 Bipolar
632	Modulation 47 Bypass
633	Modulation 47 Power
634	Modulation 47 Stereo
635	Modulation 48 Amount
636	Modulation 48 Bipolar
637	Modulation 48 Bypass
638	Modulation 48 Power
639	Modulation 48 Stereo
640	Modulation 49 Amount
641	Modulation 49 Bipolar
642	Modulation 49 Bypass
643	Modulation 49 Power
644	Modulation 49 Stereo
645	Modulation 50 Amount
646	Modulation 50 Bipolar
647	Modulation 50 Bypass
648	Modulation 50 Power
649	Modulation 50 Stereo
650	Modulation 51 Amount
651	Modulation 51 Bipolar
652	Modulation 51 Bypass
653	Modulation 51 Power
654	Modulation 51 Stereo
655	Modulation 52 Amount
656	Modulation 52 Bipolar
657	Modulation 52 Bypass
658	Modulation 52 Power
659	Modulation 52 Stereo
660	Modulation 53 Amount
661	Modulation 53 Bipolar
662	Modulation 53 Bypass
663	Modulation 53 Power
664	Modulation 53 Stereo
665	Modulation 54 Amount
666	Modulation 54 Bipolar
667	Modulation 54 Bypass
668	Modulation 54 Power
669	Modulation 54 Stereo
670	Modulation 55 Amount
671	Modulation 55 Bipolar
672	Modulation 55 Bypass
673	Modulation 55 Power
674	Modulation 55 Stereo
675	Modulation 56 Amount
676	Modulation 56 Bipolar
677	Modulation 56 Bypass
678	Modulation 56 Power
679	Modulation 56 Stereo
680	Modulation 57 Amount
681	Modulation 57 Bipolar
682	Modulation 57 Bypass
683	Modulation 57 Power
684	Modulation 57 Stereo
685	Modulation 58 Amount
686	Modulation 58 Bipolar
687	Modulation 58 Bypass
688	Modulation 58 Power
689	Modulation 58 Stereo
690	Modulation 59 Amount
691	Modulation 59 Bipolar
692	Modulation 59 Bypass
693	Modulation 59 Power
694	Modulation 59 Stereo
695	Modulation 60 Amount
696	Modulation 60 Bipolar
697	Modulation 60 Bypass
698	Modulation 60 Power
699	Modulation 60 Stereo
700	Modulation 61 Amount
701	Modulation 61 Bipolar
702	Modulation 61 Bypass
703	Modulation 61 Power
704	Modulation 61 Stereo
705	Modulation 62 Amount
706	Modulation 62 Bipolar
707	Modulation 62 Bypass
708	Modulation 62 Power
709	Modulation 62 Stereo
710	Modulation 63 Amount
711	Modulation 63 Bipolar
712	Modulation 63 Bypass
713	Modulation 63 Power
714	Modulation 63 Stereo
715	Modulation 64 Amount
716	Modulation 64 Bipolar
717	Modulation 64 Bypass
718	Modulation 64 Power
719	Modulation 64 Stereo
720	Compressor Mix
721	Sample Bounce
722	Voice Transpose
723	Stereo Mode
724	Chorus Filter Spread
725	Reverb Delay
726	Voice Override
727	Bypass
728	LFO 1 Transpose
729	LFO 1 Tune
730	LFO 2 Transpose
731	LFO 2 Tune
732	LFO 3 Transpose
733	LFO 3 Tune
734	LFO 4 Transpose
735	LFO 4 Tune
736	LFO 5 Transpose
737	LFO 5 Tune
738	LFO 6 Transpose
739	LFO 6 Tune
740	LFO 7 Transpose
741	LFO 7 Tune
742	LFO 8 Transpose
743	LFO 8 Tune
744	Random LFO 1 Transpose
745	Random LFO 1 Tune
746	Random LFO 2 Transpose
747	Random LFO 2 Tune
748	Random LFO 3 Transpose
749	Random LFO 3 Tune
750	Random LFO 4 Transpose
751	Random LFO 4 Tune
752	Filter 1 Formant Spread
753	Filter 2 Formant Spread
754	Filter fx Formant Spread
755	LFO 1 Smooth Mode
756	LFO 1 Smooth Time
757	LFO 2 Smooth Mode
758	LFO 2 Smooth Time
759	LFO 3 Smooth Mode
760	LFO 3 Smooth Time
761	LFO 4 Smooth Mode
762	LFO 4 Smooth Time
763	LFO 5 Smooth Mode
764	LFO 5 Smooth Time
765	LFO 6 Smooth Mode
766	LFO 6 Smooth Time
767	LFO 7 Smooth Mode
768	LFO 7 Smooth Time
769	LFO 8 Smooth Mode
770	LFO 8 Smooth Time
771	View Spectrogram
772	MIDI CC 0|0
773	MIDI CC 0|1
774	MIDI CC 0|2
775	MIDI CC 0|3
776	MIDI CC 0|4
777	MIDI CC 0|5
778	MIDI CC 0|6
779	MIDI CC 0|7
780	MIDI CC 0|8
781	MIDI CC 0|9
782	MIDI CC 0|10
783	MIDI CC 0|11
784	MIDI CC 0|12
785	MIDI CC 0|13
786	MIDI CC 0|14
787	MIDI CC 0|15
788	MIDI CC 0|16
789	MIDI CC 0|17
790	MIDI CC 0|18
791	MIDI CC 0|19
792	MIDI CC 0|20
793	MIDI CC 0|21
794	MIDI CC 0|22
795	MIDI CC 0|23
796	MIDI CC 0|24
797	MIDI CC 0|25
798	MIDI CC 0|26
799	MIDI CC 0|27
800	MIDI CC 0|28
801	MIDI CC 0|29
802	MIDI CC 0|30
803	MIDI CC 0|31
804	MIDI CC 0|32
805	MIDI CC 0|33
806	MIDI CC 0|34
807	MIDI CC 0|35
808	MIDI CC 0|36
809	MIDI CC 0|37
810	MIDI CC 0|38
811	MIDI CC 0|39
812	MIDI CC 0|40
813	MIDI CC 0|41
814	MIDI CC 0|42
815	MIDI CC 0|43
816	MIDI CC 0|44
817	MIDI CC 0|45
818	MIDI CC 0|46
819	MIDI CC 0|47
820	MIDI CC 0|48
821	MIDI CC 0|49
822	MIDI CC 0|50
823	MIDI CC 0|51
824	MIDI CC 0|52
825	MIDI CC 0|53
826	MIDI CC 0|54
827	MIDI CC 0|55
828	MIDI CC 0|56
829	MIDI CC 0|57
830	MIDI CC 0|58
831	MIDI CC 0|59
832	MIDI CC 0|60
833	MIDI CC 0|61
834	MIDI CC 0|62
835	MIDI CC 0|63
836	MIDI CC 0|64
837	MIDI CC 0|65
838	MIDI CC 0|66
839	MIDI CC 0|67
840	MIDI CC 0|68
841	MIDI CC 0|69
842	MIDI CC 0|70
843	MIDI CC 0|71
844	MIDI CC 0|72
845	MIDI CC 0|73
846	MIDI CC 0|74
847	MIDI CC 0|75
848	MIDI CC 0|76
849	MIDI CC 0|77
850	MIDI CC 0|78
851	MIDI CC 0|79
852	MIDI CC 0|80
853	MIDI CC 0|81
854	MIDI CC 0|82
855	MIDI CC 0|83
856	MIDI CC 0|84
857	MIDI CC 0|85
858	MIDI CC 0|86
859	MIDI CC 0|87
860	MIDI CC 0|88
861	MIDI CC 0|89
862	MIDI CC 0|90
863	MIDI CC 0|91
864	MIDI CC 0|92
865	MIDI CC 0|93
866	MIDI CC 0|94
867	MIDI CC 0|95
868	MIDI CC 0|96
869	MIDI CC 0|97
870	MIDI CC 0|98
871	MIDI CC 0|99
872	MIDI CC 0|100
873	MIDI CC 0|101
874	MIDI CC 0|102
875	MIDI CC 0|103
876	MIDI CC 0|104
877	MIDI CC 0|105
878	MIDI CC 0|106
879	MIDI CC 0|107
880	MIDI CC 0|108
881	MIDI CC 0|109
882	MIDI CC 0|110
883	MIDI CC 0|111
884	MIDI CC 0|112
885	MIDI CC 0|113
886	MIDI CC 0|114
887	MIDI CC 0|115
888	MIDI CC 0|116
889	MIDI CC 0|117
890	MIDI CC 0|118
891	MIDI CC 0|119
892	MIDI CC 0|120
893	MIDI CC 0|121
894	MIDI CC 0|122
895	MIDI CC 0|123
896	MIDI CC 0|124
897	MIDI CC 0|125
898	MIDI CC 0|126
899	MIDI CC 0|127
900	MIDI CC 0|128
901	MIDI CC 0|129
902	MIDI CC 1|0
903	MIDI CC 1|1
904	MIDI CC 1|2
905	MIDI CC 1|3
906	MIDI CC 1|4
907	MIDI CC 1|5
908	MIDI CC 1|6
909	MIDI CC 1|7
910	MIDI CC 1|8
911	MIDI CC 1|9
912	MIDI CC 1|10
913	MIDI CC 1|11
914	MIDI CC 1|12
915	MIDI CC 1|13
916	MIDI CC 1|14
917	MIDI CC 1|15
918	MIDI CC 1|16
919	MIDI CC 1|17
920	MIDI CC 1|18
921	MIDI CC 1|19
922	MIDI CC 1|20
923	MIDI CC 1|21
924	MIDI CC 1|22
925	MIDI CC 1|23
926	MIDI CC 1|24
927	MIDI CC 1|25
928	MIDI CC 1|26
929	MIDI CC 1|27
930	MIDI CC 1|28
931	MIDI CC 1|29
932	MIDI CC 1|30
933	MIDI CC 1|31
934	MIDI CC 1|32
935	MIDI CC 1|33
936	MIDI CC 1|34
937	MIDI CC 1|35
938	MIDI CC 1|36
939	MIDI CC 1|37
940	MIDI CC 1|38
941	MIDI CC 1|39
942	MIDI CC 1|40
943	MIDI CC 1|41
944	MIDI CC 1|42
945	MIDI CC 1|43
946	MIDI CC 1|44
947	MIDI CC 1|45
948	MIDI CC 1|46
949	MIDI CC 1|47
950	MIDI CC 1|48
951	MIDI CC 1|49
952	MIDI CC 1|50
953	MIDI CC 1|51
954	MIDI CC 1|52
955	MIDI CC 1|53
956	MIDI CC 1|54
957	MIDI CC 1|55
958	MIDI CC 1|56
959	MIDI CC 1|57
960	MIDI CC 1|58
961	MIDI CC 1|59
962	MIDI CC 1|60
963	MIDI CC 1|61
964	MIDI CC 1|62
965	MIDI CC 1|63
966	MIDI CC 1|64
967	MIDI CC 1|65
968	MIDI CC 1|66
969	MIDI CC 1|67
970	MIDI CC 1|68
971	MIDI CC 1|69
972	MIDI CC 1|70
973	MIDI CC 1|71
974	MIDI CC 1|72
975	MIDI CC 1|73
976	MIDI CC 1|74
977	MIDI CC 1|75
978	MIDI CC 1|76
979	MIDI CC 1|77
980	MIDI CC 1|78
981	MIDI CC 1|79
982	MIDI CC 1|80
983	MIDI CC 1|81
984	MIDI CC 1|82
985	MIDI CC 1|83
986	MIDI CC 1|84
987	MIDI CC 1|85
988	MIDI CC 1|86
989	MIDI CC 1|87
990	MIDI CC 1|88
991	MIDI CC 1|89
992	MIDI CC 1|90
993	MIDI CC 1|91
994	MIDI CC 1|92
995	MIDI CC 1|93
996	MIDI CC 1|94
997	MIDI CC 1|95
998	MIDI CC 1|96
999	MIDI CC 1|97
1000	MIDI CC 1|98
1001	MIDI CC 1|99
1002	MIDI CC 1|100
1003	MIDI CC 1|101
1004	MIDI CC 1|102
1005	MIDI CC 1|103
1006	MIDI CC 1|104
1007	MIDI CC 1|105
1008	MIDI CC 1|106
1009	MIDI CC 1|107
1010	MIDI CC 1|108
1011	MIDI CC 1|109
1012	MIDI CC 1|110
1013	MIDI CC 1|111
1014	MIDI CC 1|112
1015	MIDI CC 1|113
1016	MIDI CC 1|114
1017	MIDI CC 1|115
1018	MIDI CC 1|116
1019	MIDI CC 1|117
1020	MIDI CC 1|118
1021	MIDI CC 1|119
1022	MIDI CC 1|120
1023	MIDI CC 1|121
1024	MIDI CC 1|122
1025	MIDI CC 1|123
1026	MIDI CC 1|124
1027	MIDI CC 1|125
1028	MIDI CC 1|126
1029	MIDI CC 1|127
1030	MIDI CC 1|128
1031	MIDI CC 1|129
1032	MIDI CC 2|0
1033	MIDI CC 2|1
1034	MIDI CC 2|2
1035	MIDI CC 2|3
1036	MIDI CC 2|4
1037	MIDI CC 2|5
1038	MIDI CC 2|6
1039	MIDI CC 2|7
1040	MIDI CC 2|8
1041	MIDI CC 2|9
1042	MIDI CC 2|10
1043	MIDI CC 2|11
1044	MIDI CC 2|12
1045	MIDI CC 2|13
1046	MIDI CC 2|14
1047	MIDI CC 2|15
1048	MIDI CC 2|16
1049	MIDI CC 2|17
1050	MIDI CC 2|18
1051	MIDI CC 2|19
1052	MIDI CC 2|20
1053	MIDI CC 2|21
1054	MIDI CC 2|22
1055	MIDI CC 2|23
1056	MIDI CC 2|24
1057	MIDI CC 2|25
1058	MIDI CC 2|26
1059	MIDI CC 2|27
1060	MIDI CC 2|28
1061	MIDI CC 2|29
1062	MIDI CC 2|30
1063	MIDI CC 2|31
1064	MIDI CC 2|32
1065	MIDI CC 2|33
1066	MIDI CC 2|34
1067	MIDI CC 2|35
1068	MIDI CC 2|36
1069	MIDI CC 2|37
1070	MIDI CC 2|38
1071	MIDI CC 2|39
1072	MIDI CC 2|40
1073	MIDI CC 2|41
1074	MIDI CC 2|42
1075	MIDI CC 2|43
1076	MIDI CC 2|44
1077	MIDI CC 2|45
1078	MIDI CC 2|46
1079	MIDI CC 2|47
1080	MIDI CC 2|48
1081	MIDI CC 2|49
1082	MIDI CC 2|50
1083	MIDI CC 2|51
1084	MIDI CC 2|52
1085	MIDI CC 2|53
1086	MIDI CC 2|54
1087	MIDI CC 2|55
1088	MIDI CC 2|56
1089	MIDI CC 2|57
1090	MIDI CC 2|58
1091	MIDI CC 2|59
1092	MIDI CC 2|60
1093	MIDI CC 2|61
1094	MIDI CC 2|62
1095	MIDI CC 2|63
1096	MIDI CC 2|64
1097	MIDI CC 2|65
1098	MIDI CC 2|66
1099	MIDI CC 2|67
1100	MIDI CC 2|68
1101	MIDI CC 2|69
1102	MIDI CC 2|70
1103	MIDI CC 2|71
1104	MIDI CC 2|72
1105	MIDI CC 2|73
1106	MIDI CC 2|74
1107	MIDI CC 2|75
1108	MIDI CC 2|76
1109	MIDI CC 2|77
1110	MIDI CC 2|78
1111	MIDI CC 2|79
1112	MIDI CC 2|80
1113	MIDI CC 2|81
1114	MIDI CC 2|82
1115	MIDI CC 2|83
1116	MIDI CC 2|84
1117	MIDI CC 2|85
1118	MIDI CC 2|86
1119	MIDI CC 2|87
1120	MIDI CC 2|88
1121	MIDI CC 2|89
1122	MIDI CC 2|90
1123	MIDI CC 2|91
1124	MIDI CC 2|92
1125	MIDI CC 2|93
1126	MIDI CC 2|94
1127	MIDI CC 2|95
1128	MIDI CC 2|96
1129	MIDI CC 2|97
1130	MIDI CC 2|98
1131	MIDI CC 2|99
1132	MIDI CC 2|100
1133	MIDI CC 2|101
1134	MIDI CC 2|102
1135	MIDI CC 2|103
1136	MIDI CC 2|104
1137	MIDI CC 2|105
1138	MIDI CC 2|106
1139	MIDI CC 2|107
1140	MIDI CC 2|108
1141	MIDI CC 2|109
1142	MIDI CC 2|110
1143	MIDI CC 2|111
1144	MIDI CC 2|112
1145	MIDI CC 2|113
1146	MIDI CC 2|114
1147	MIDI CC 2|115
1148	MIDI CC 2|116
1149	MIDI CC 2|117
1150	MIDI CC 2|118
1151	MIDI CC 2|119
1152	MIDI CC 2|120
1153	MIDI CC 2|121
1154	MIDI CC 2|122
1155	MIDI CC 2|123
1156	MIDI CC 2|124
1157	MIDI CC 2|125
1158	MIDI CC 2|126
1159	MIDI CC 2|127
1160	MIDI CC 2|128
1161	MIDI CC 2|129
1162	MIDI CC 3|0
1163	MIDI CC 3|1
1164	MIDI CC 3|2
1165	MIDI CC 3|3
1166	MIDI CC 3|4
1167	MIDI CC 3|5
1168	MIDI CC 3|6
1169	MIDI CC 3|7
1170	MIDI CC 3|8
1171	MIDI CC 3|9
1172	MIDI CC 3|10
1173	MIDI CC 3|11
1174	MIDI CC 3|12
1175	MIDI CC 3|13
1176	MIDI CC 3|14
1177	MIDI CC 3|15
1178	MIDI CC 3|16
1179	MIDI CC 3|17
1180	MIDI CC 3|18
1181	MIDI CC 3|19
1182	MIDI CC 3|20
1183	MIDI CC 3|21
1184	MIDI CC 3|22
1185	MIDI CC 3|23
1186	MIDI CC 3|24
1187	MIDI CC 3|25
1188	MIDI CC 3|26
1189	MIDI CC 3|27
1190	MIDI CC 3|28
1191	MIDI CC 3|29
1192	MIDI CC 3|30
1193	MIDI CC 3|31
1194	MIDI CC 3|32
1195	MIDI CC 3|33
1196	MIDI CC 3|34
1197	MIDI CC 3|35
1198	MIDI CC 3|36
1199	MIDI CC 3|37
1200	MIDI CC 3|38
1201	MIDI CC 3|39
1202	MIDI CC 3|40
1203	MIDI CC 3|41
1204	MIDI CC 3|42
1205	MIDI CC 3|43
1206	MIDI CC 3|44
1207	MIDI CC 3|45
1208	MIDI CC 3|46
1209	MIDI CC 3|47
1210	MIDI CC 3|48
1211	MIDI CC 3|49
1212	MIDI CC 3|50
1213	MIDI CC 3|51
1214	MIDI CC 3|52
1215	MIDI CC 3|53
1216	MIDI CC 3|54
1217	MIDI CC 3|55
1218	MIDI CC 3|56
1219	MIDI CC 3|57
1220	MIDI CC 3|58
1221	MIDI CC 3|59
1222	MIDI CC 3|60
1223	MIDI CC 3|61
1224	MIDI CC 3|62
1225	MIDI CC 3|63
1226	MIDI CC 3|64
1227	MIDI CC 3|65
1228	MIDI CC 3|66
1229	MIDI CC 3|67
1230	MIDI CC 3|68
1231	MIDI CC 3|69
1232	MIDI CC 3|70
1233	MIDI CC 3|71
1234	MIDI CC 3|72
1235	MIDI CC 3|73
1236	MIDI CC 3|74
1237	MIDI CC 3|75
1238	MIDI CC 3|76
1239	MIDI CC 3|77
1240	MIDI CC 3|78
1241	MIDI CC 3|79
1242	MIDI CC 3|80
1243	MIDI CC 3|81
1244	MIDI CC 3|82
1245	MIDI CC 3|83
1246	MIDI CC 3|84
1247	MIDI CC 3|85
1248	MIDI CC 3|86
1249	MIDI CC 3|87
1250	MIDI CC 3|88
1251	MIDI CC 3|89
1252	MIDI CC 3|90
1253	MIDI CC 3|91
1254	MIDI CC 3|92
1255	MIDI CC 3|93
1256	MIDI CC 3|94
1257	MIDI CC 3|95
1258	MIDI CC 3|96
1259	MIDI CC 3|97
1260	MIDI CC 3|98
1261	MIDI CC 3|99
1262	MIDI CC 3|100
1263	MIDI CC 3|101
1264	MIDI CC 3|102
1265	MIDI CC 3|103
1266	MIDI CC 3|104
1267	MIDI CC 3|105
1268	MIDI CC 3|106
1269	MIDI CC 3|107
1270	MIDI CC 3|108
1271	MIDI CC 3|109
1272	MIDI CC 3|110
1273	MIDI CC 3|111
1274	MIDI CC 3|112
1275	MIDI CC 3|113
1276	MIDI CC 3|114
1277	MIDI CC 3|115
1278	MIDI CC 3|116
1279	MIDI CC 3|117
1280	MIDI CC 3|118
1281	MIDI CC 3|119
1282	MIDI CC 3|120
1283	MIDI CC 3|121
1284	MIDI CC 3|122
1285	MIDI CC 3|123
1286	MIDI CC 3|124
1287	MIDI CC 3|125
1288	MIDI CC 3|126
1289	MIDI CC 3|127
1290	MIDI CC 3|128
1291	MIDI CC 3|129
1292	MIDI CC 4|0
1293	MIDI CC 4|1
1294	MIDI CC 4|2
1295	MIDI CC 4|3
1296	MIDI CC 4|4
1297	MIDI CC 4|5
1298	MIDI CC 4|6
1299	MIDI CC 4|7
1300	MIDI CC 4|8
1301	MIDI CC 4|9
1302	MIDI CC 4|10
1303	MIDI CC 4|11
1304	MIDI CC 4|12
1305	MIDI CC 4|13
1306	MIDI CC 4|14
1307	MIDI CC 4|15
1308	MIDI CC 4|16
1309	MIDI CC 4|17
1310	MIDI CC 4|18
1311	MIDI CC 4|19
1312	MIDI CC 4|20
1313	MIDI CC 4|21
1314	MIDI CC 4|22
1315	MIDI CC 4|23
1316	MIDI CC 4|24
1317	MIDI CC 4|25
1318	MIDI CC 4|26
1319	MIDI CC 4|27
1320	MIDI CC 4|28
1321	MIDI CC 4|29
1322	MIDI CC 4|30
1323	MIDI CC 4|31
1324	MIDI CC 4|32
1325	MIDI CC 4|33
1326	MIDI CC 4|34
1327	MIDI CC 4|35
1328	MIDI CC 4|36
1329	MIDI CC 4|37
1330	MIDI CC 4|38
1331	MIDI CC 4|39
1332	MIDI CC 4|40
1333	MIDI CC 4|41
1334	MIDI CC 4|42
1335	MIDI CC 4|43
1336	MIDI CC 4|44
1337	MIDI CC 4|45
1338	MIDI CC 4|46
1339	MIDI CC 4|47
1340	MIDI CC 4|48
1341	MIDI CC 4|49
1342	MIDI CC 4|50
1343	MIDI CC 4|51
1344	MIDI CC 4|52
1345	MIDI CC 4|53
1346	MIDI CC 4|54
1347	MIDI CC 4|55
1348	MIDI CC 4|56
1349	MIDI CC 4|57
1350	MIDI CC 4|58
1351	MIDI CC 4|59
1352	MIDI CC 4|60
1353	MIDI CC 4|61
1354	MIDI CC 4|62
1355	MIDI CC 4|63
1356	MIDI CC 4|64
1357	MIDI CC 4|65
1358	MIDI CC 4|66
1359	MIDI CC 4|67
1360	MIDI CC 4|68
1361	MIDI CC 4|69
1362	MIDI CC 4|70
1363	MIDI CC 4|71
1364	MIDI CC 4|72
1365	MIDI CC 4|73
1366	MIDI CC 4|74
1367	MIDI CC 4|75
1368	MIDI CC 4|76
1369	MIDI CC 4|77
1370	MIDI CC 4|78
1371	MIDI CC 4|79
1372	MIDI CC 4|80
1373	MIDI CC 4|81
1374	MIDI CC 4|82
1375	MIDI CC 4|83
1376	MIDI CC 4|84
1377	MIDI CC 4|85
1378	MIDI CC 4|86
1379	MIDI CC 4|87
1380	MIDI CC 4|88
1381	MIDI CC 4|89
1382	MIDI CC 4|90
1383	MIDI CC 4|91
1384	MIDI CC 4|92
1385	MIDI CC 4|93
1386	MIDI CC 4|94
1387	MIDI CC 4|95
1388	MIDI CC 4|96
1389	MIDI CC 4|97
1390	MIDI CC 4|98
1391	MIDI CC 4|99
1392	MIDI CC 4|100
1393	MIDI CC 4|101
1394	MIDI CC 4|102
1395	MIDI CC 4|103
1396	MIDI CC 4|104
1397	MIDI CC 4|105
1398	MIDI CC 4|106
1399	MIDI CC 4|107
1400	MIDI CC 4|108
1401	MIDI CC 4|109
1402	MIDI CC 4|110
1403	MIDI CC 4|111
1404	MIDI CC 4|112
1405	MIDI CC 4|113
1406	MIDI CC 4|114
1407	MIDI CC 4|115
1408	MIDI CC 4|116
1409	MIDI CC 4|117
1410	MIDI CC 4|118
1411	MIDI CC 4|119
1412	MIDI CC 4|120
1413	MIDI CC 4|121
1414	MIDI CC 4|122
1415	MIDI CC 4|123
1416	MIDI CC 4|124
1417	MIDI CC 4|125
1418	MIDI CC 4|126
1419	MIDI CC 4|127
1420	MIDI CC 4|128
1421	MIDI CC 4|129
1422	MIDI CC 5|0
1423	MIDI CC 5|1
1424	MIDI CC 5|2
1425	MIDI CC 5|3
1426	MIDI CC 5|4
1427	MIDI CC 5|5
1428	MIDI CC 5|6
1429	MIDI CC 5|7
1430	MIDI CC 5|8
1431	MIDI CC 5|9
1432	MIDI CC 5|10
1433	MIDI CC 5|11
1434	MIDI CC 5|12
1435	MIDI CC 5|13
1436	MIDI CC 5|14
1437	MIDI CC 5|15
1438	MIDI CC 5|16
1439	MIDI CC 5|17
1440	MIDI CC 5|18
1441	MIDI CC 5|19
1442	MIDI CC 5|20
1443	MIDI CC 5|21
1444	MIDI CC 5|22
1445	MIDI CC 5|23
1446	MIDI CC 5|24
1447	MIDI CC 5|25
1448	MIDI CC 5|26
1449	MIDI CC 5|27
1450	MIDI CC 5|28
1451	MIDI CC 5|29
1452	MIDI CC 5|30
1453	MIDI CC 5|31
1454	MIDI CC 5|32
1455	MIDI CC 5|33
1456	MIDI CC 5|34
1457	MIDI CC 5|35
1458	MIDI CC 5|36
1459	MIDI CC 5|37
1460	MIDI CC 5|38
1461	MIDI CC 5|39
1462	MIDI CC 5|40
1463	MIDI CC 5|41
1464	MIDI CC 5|42
1465	MIDI CC 5|43
1466	MIDI CC 5|44
1467	MIDI CC 5|45
1468	MIDI CC 5|46
1469	MIDI CC 5|47
1470	MIDI CC 5|48
1471	MIDI CC 5|49
1472	MIDI CC 5|50
1473	MIDI CC 5|51
1474	MIDI CC 5|52
1475	MIDI CC 5|53
1476	MIDI CC 5|54
1477	MIDI CC 5|55
1478	MIDI CC 5|56
1479	MIDI CC 5|57
1480	MIDI CC 5|58
1481	MIDI CC 5|59
1482	MIDI CC 5|60
1483	MIDI CC 5|61
1484	MIDI CC 5|62
1485	MIDI CC 5|63
1486	MIDI CC 5|64
1487	MIDI CC 5|65
1488	MIDI CC 5|66
1489	MIDI CC 5|67
1490	MIDI CC 5|68
1491	MIDI CC 5|69
1492	MIDI CC 5|70
1493	MIDI CC 5|71
1494	MIDI CC 5|72
1495	MIDI CC 5|73
1496	MIDI CC 5|74
1497	MIDI CC 5|75
1498	MIDI CC 5|76
1499	MIDI CC 5|77
1500	MIDI CC 5|78
1501	MIDI CC 5|79
1502	MIDI CC 5|80
1503	MIDI CC 5|81
1504	MIDI CC 5|82
1505	MIDI CC 5|83
1506	MIDI CC 5|84
1507	MIDI CC 5|85
1508	MIDI CC 5|86
1509	MIDI CC 5|87
1510	MIDI CC 5|88
1511	MIDI CC 5|89
1512	MIDI CC 5|90
1513	MIDI CC 5|91
1514	MIDI CC 5|92
1515	MIDI CC 5|93
1516	MIDI CC 5|94
1517	MIDI CC 5|95
1518	MIDI CC 5|96
1519	MIDI CC 5|97
1520	MIDI CC 5|98
1521	MIDI CC 5|99
1522	MIDI CC 5|100
1523	MIDI CC 5|101
1524	MIDI CC 5|102
1525	MIDI CC 5|103
1526	MIDI CC 5|104
1527	MIDI CC 5|105
1528	MIDI CC 5|106
1529	MIDI CC 5|107
1530	MIDI CC 5|108
1531	MIDI CC 5|109
1532	MIDI CC 5|110
1533	MIDI CC 5|111
1534	MIDI CC 5|112
1535	MIDI CC 5|113
1536	MIDI CC 5|114
1537	MIDI CC 5|115
1538	MIDI CC 5|116
1539	MIDI CC 5|117
1540	MIDI CC 5|118
1541	MIDI CC 5|119
1542	MIDI CC 5|120
1543	MIDI CC 5|121
1544	MIDI CC 5|122
1545	MIDI CC 5|123
1546	MIDI CC 5|124
1547	MIDI CC 5|125
1548	MIDI CC 5|126
1549	MIDI CC 5|127
1550	MIDI CC 5|128
1551	MIDI CC 5|129
1552	MIDI CC 6|0
1553	MIDI CC 6|1
1554	MIDI CC 6|2
1555	MIDI CC 6|3
1556	MIDI CC 6|4
1557	MIDI CC 6|5
1558	MIDI CC 6|6
1559	MIDI CC 6|7
1560	MIDI CC 6|8
1561	MIDI CC 6|9
1562	MIDI CC 6|10
1563	MIDI CC 6|11
1564	MIDI CC 6|12
1565	MIDI CC 6|13
1566	MIDI CC 6|14
1567	MIDI CC 6|15
1568	MIDI CC 6|16
1569	MIDI CC 6|17
1570	MIDI CC 6|18
1571	MIDI CC 6|19
1572	MIDI CC 6|20
1573	MIDI CC 6|21
1574	MIDI CC 6|22
1575	MIDI CC 6|23
1576	MIDI CC 6|24
1577	MIDI CC 6|25
1578	MIDI CC 6|26
1579	MIDI CC 6|27
1580	MIDI CC 6|28
1581	MIDI CC 6|29
1582	MIDI CC 6|30
1583	MIDI CC 6|31
1584	MIDI CC 6|32
1585	MIDI CC 6|33
1586	MIDI CC 6|34
1587	MIDI CC 6|35
1588	MIDI CC 6|36
1589	MIDI CC 6|37
1590	MIDI CC 6|38
1591	MIDI CC 6|39
1592	MIDI CC 6|40
1593	MIDI CC 6|41
1594	MIDI CC 6|42
1595	MIDI CC 6|43
1596	MIDI CC 6|44
1597	MIDI CC 6|45
1598	MIDI CC 6|46
1599	MIDI CC 6|47
1600	MIDI CC 6|48
1601	MIDI CC 6|49
1602	MIDI CC 6|50
1603	MIDI CC 6|51
1604	MIDI CC 6|52
1605	MIDI CC 6|53
1606	MIDI CC 6|54
1607	MIDI CC 6|55
1608	MIDI CC 6|56
1609	MIDI CC 6|57
1610	MIDI CC 6|58
1611	MIDI CC 6|59
1612	MIDI CC 6|60
1613	MIDI CC 6|61
1614	MIDI CC 6|62
1615	MIDI CC 6|63
1616	MIDI CC 6|64
1617	MIDI CC 6|65
1618	MIDI CC 6|66
1619	MIDI CC 6|67
1620	MIDI CC 6|68
1621	MIDI CC 6|69
1622	MIDI CC 6|70
1623	MIDI CC 6|71
1624	MIDI CC 6|72
1625	MIDI CC 6|73
1626	MIDI CC 6|74
1627	MIDI CC 6|75
1628	MIDI CC 6|76
1629	MIDI CC 6|77
1630	MIDI CC 6|78
1631	MIDI CC 6|79
1632	MIDI CC 6|80
1633	MIDI CC 6|81
1634	MIDI CC 6|82
1635	MIDI CC 6|83
1636	MIDI CC 6|84
1637	MIDI CC 6|85
1638	MIDI CC 6|86
1639	MIDI CC 6|87
1640	MIDI CC 6|88
1641	MIDI CC 6|89
1642	MIDI CC 6|90
1643	MIDI CC 6|91
1644	MIDI CC 6|92
1645	MIDI CC 6|93
1646	MIDI CC 6|94
1647	MIDI CC 6|95
1648	MIDI CC 6|96
1649	MIDI CC 6|97
1650	MIDI CC 6|98
1651	MIDI CC 6|99
1652	MIDI CC 6|100
1653	MIDI CC 6|101
1654	MIDI CC 6|102
1655	MIDI CC 6|103
1656	MIDI CC 6|104
1657	MIDI CC 6|105
1658	MIDI CC 6|106
1659	MIDI CC 6|107
1660	MIDI CC 6|108
1661	MIDI CC 6|109
1662	MIDI CC 6|110
1663	MIDI CC 6|111
1664	MIDI CC 6|112
1665	MIDI CC 6|113
1666	MIDI CC 6|114
1667	MIDI CC 6|115
1668	MIDI CC 6|116
1669	MIDI CC 6|117
1670	MIDI CC 6|118
1671	MIDI CC 6|119
1672	MIDI CC 6|120
1673	MIDI CC 6|121
1674	MIDI CC 6|122
1675	MIDI CC 6|123
1676	MIDI CC 6|124
1677	MIDI CC 6|125
1678	MIDI CC 6|126
1679	MIDI CC 6|127
1680	MIDI CC 6|128
1681	MIDI CC 6|129
1682	MIDI CC 7|0
1683	MIDI CC 7|1
1684	MIDI CC 7|2
1685	MIDI CC 7|3
1686	MIDI CC 7|4
1687	MIDI CC 7|5
1688	MIDI CC 7|6
1689	MIDI CC 7|7
1690	MIDI CC 7|8
1691	MIDI CC 7|9
1692	MIDI CC 7|10
1693	MIDI CC 7|11
1694	MIDI CC 7|12
1695	MIDI CC 7|13
1696	MIDI CC 7|14
1697	MIDI CC 7|15
1698	MIDI CC 7|16
1699	MIDI CC 7|17
1700	MIDI CC 7|18
1701	MIDI CC 7|19
1702	MIDI CC 7|20
1703	MIDI CC 7|21
1704	MIDI CC 7|22
1705	MIDI CC 7|23
1706	MIDI CC 7|24
1707	MIDI CC 7|25
1708	MIDI CC 7|26
1709	MIDI CC 7|27
1710	MIDI CC 7|28
1711	MIDI CC 7|29
1712	MIDI CC 7|30
1713	MIDI CC 7|31
1714	MIDI CC 7|32
1715	MIDI CC 7|33
1716	MIDI CC 7|34
1717	MIDI CC 7|35
1718	MIDI CC 7|36
1719	MIDI CC 7|37
1720	MIDI CC 7|38
1721	MIDI CC 7|39
1722	MIDI CC 7|40
1723	MIDI CC 7|41
1724	MIDI CC 7|42
1725	MIDI CC 7|43
1726	MIDI CC 7|44
1727	MIDI CC 7|45
1728	MIDI CC 7|46
1729	MIDI CC 7|47
1730	MIDI CC 7|48
1731	MIDI CC 7|49
1732	MIDI CC 7|50
1733	MIDI CC 7|51
1734	MIDI CC 7|52
1735	MIDI CC 7|53
1736	MIDI CC 7|54
1737	MIDI CC 7|55
1738	MIDI CC 7|56
1739	MIDI CC 7|57
1740	MIDI CC 7|58
1741	MIDI CC 7|59
1742	MIDI CC 7|60
1743	MIDI CC 7|61
1744	MIDI CC 7|62
1745	MIDI CC 7|63
1746	MIDI CC 7|64
1747	MIDI CC 7|65
1748	MIDI CC 7|66
1749	MIDI CC 7|67
1750	MIDI CC 7|68
1751	MIDI CC 7|69
1752	MIDI CC 7|70
1753	MIDI CC 7|71
1754	MIDI CC 7|72
1755	MIDI CC 7|73
1756	MIDI CC 7|74
1757	MIDI CC 7|75
1758	MIDI CC 7|76
1759	MIDI CC 7|77
1760	MIDI CC 7|78
1761	MIDI CC 7|79
1762	MIDI CC 7|80
1763	MIDI CC 7|81
1764	MIDI CC 7|82
1765	MIDI CC 7|83
1766	MIDI CC 7|84
1767	MIDI CC 7|85
1768	MIDI CC 7|86
1769	MIDI CC 7|87
1770	MIDI CC 7|88
1771	MIDI CC 7|89
1772	MIDI CC 7|90
1773	MIDI CC 7|91
1774	MIDI CC 7|92
1775	MIDI CC 7|93
1776	MIDI CC 7|94
1777	MIDI CC 7|95
1778	MIDI CC 7|96
1779	MIDI CC 7|97
1780	MIDI CC 7|98
1781	MIDI CC 7|99
1782	MIDI CC 7|100
1783	MIDI CC 7|101
1784	MIDI CC 7|102
1785	MIDI CC 7|103
1786	MIDI CC 7|104
1787	MIDI CC 7|105
1788	MIDI CC 7|106
1789	MIDI CC 7|107
1790	MIDI CC 7|108
1791	MIDI CC 7|109
1792	MIDI CC 7|110
1793	MIDI CC 7|111
1794	MIDI CC 7|112
1795	MIDI CC 7|113
1796	MIDI CC 7|114
1797	MIDI CC 7|115
1798	MIDI CC 7|116
1799	MIDI CC 7|117
1800	MIDI CC 7|118
1801	MIDI CC 7|119
1802	MIDI CC 7|120
1803	MIDI CC 7|121
1804	MIDI CC 7|122
1805	MIDI CC 7|123
1806	MIDI CC 7|124
1807	MIDI CC 7|125
1808	MIDI CC 7|126
1809	MIDI CC 7|127
1810	MIDI CC 7|128
1811	MIDI CC 7|129
1812	MIDI CC 8|0
1813	MIDI CC 8|1
1814	MIDI CC 8|2
1815	MIDI CC 8|3
1816	MIDI CC 8|4
1817	MIDI CC 8|5
1818	MIDI CC 8|6
1819	MIDI CC 8|7
1820	MIDI CC 8|8
1821	MIDI CC 8|9
1822	MIDI CC 8|10
1823	MIDI CC 8|11
1824	MIDI CC 8|12
1825	MIDI CC 8|13
1826	MIDI CC 8|14
1827	MIDI CC 8|15
1828	MIDI CC 8|16
1829	MIDI CC 8|17
1830	MIDI CC 8|18
1831	MIDI CC 8|19
1832	MIDI CC 8|20
1833	MIDI CC 8|21
1834	MIDI CC 8|22
1835	MIDI CC 8|23
1836	MIDI CC 8|24
1837	MIDI CC 8|25
1838	MIDI CC 8|26
1839	MIDI CC 8|27
1840	MIDI CC 8|28
1841	MIDI CC 8|29
1842	MIDI CC 8|30
1843	MIDI CC 8|31
1844	MIDI CC 8|32
1845	MIDI CC 8|33
1846	MIDI CC 8|34
1847	MIDI CC 8|35
1848	MIDI CC 8|36
1849	MIDI CC 8|37
1850	MIDI CC 8|38
1851	MIDI CC 8|39
1852	MIDI CC 8|40
1853	MIDI CC 8|41
1854	MIDI CC 8|42
1855	MIDI CC 8|43
1856	MIDI CC 8|44
1857	MIDI CC 8|45
1858	MIDI CC 8|46
1859	MIDI CC 8|47
1860	MIDI CC 8|48
1861	MIDI CC 8|49
1862	MIDI CC 8|50
1863	MIDI CC 8|51
1864	MIDI CC 8|52
1865	MIDI CC 8|53
1866	MIDI CC 8|54
1867	MIDI CC 8|55
1868	MIDI CC 8|56
1869	MIDI CC 8|57
1870	MIDI CC 8|58
1871	MIDI CC 8|59
1872	MIDI CC 8|60
1873	MIDI CC 8|61
1874	MIDI CC 8|62
1875	MIDI CC 8|63
1876	MIDI CC 8|64
1877	MIDI CC 8|65
1878	MIDI CC 8|66
1879	MIDI CC 8|67
1880	MIDI CC 8|68
1881	MIDI CC 8|69
1882	MIDI CC 8|70
1883	MIDI CC 8|71
1884	MIDI CC 8|72
1885	MIDI CC 8|73
1886	MIDI CC 8|74
1887	MIDI CC 8|75
1888	MIDI CC 8|76
1889	MIDI CC 8|77
1890	MIDI CC 8|78
1891	MIDI CC 8|79
1892	MIDI CC 8|80
1893	MIDI CC 8|81
1894	MIDI CC 8|82
1895	MIDI CC 8|83
1896	MIDI CC 8|84
1897	MIDI CC 8|85
1898	MIDI CC 8|86
1899	MIDI CC 8|87
1900	MIDI CC 8|88
1901	MIDI CC 8|89
1902	MIDI CC 8|90
1903	MIDI CC 8|91
1904	MIDI CC 8|92
1905	MIDI CC 8|93
1906	MIDI CC 8|94
1907	MIDI CC 8|95
1908	MIDI CC 8|96
1909	MIDI CC 8|97
1910	MIDI CC 8|98
1911	MIDI CC 8|99
1912	MIDI CC 8|100
1913	MIDI CC 8|101
1914	MIDI CC 8|102
1915	MIDI CC 8|103
1916	MIDI CC 8|104
1917	MIDI CC 8|105
1918	MIDI CC 8|106
1919	MIDI CC 8|107
1920	MIDI CC 8|108
1921	MIDI CC 8|109
1922	MIDI CC 8|110
1923	MIDI CC 8|111
1924	MIDI CC 8|112
1925	MIDI CC 8|113
1926	MIDI CC 8|114
1927	MIDI CC 8|115
1928	MIDI CC 8|116
1929	MIDI CC 8|117
1930	MIDI CC 8|118
1931	MIDI CC 8|119
1932	MIDI CC 8|120
1933	MIDI CC 8|121
1934	MIDI CC 8|122
1935	MIDI CC 8|123
1936	MIDI CC 8|124
1937	MIDI CC 8|125
1938	MIDI CC 8|126
1939	MIDI CC 8|127
1940	MIDI CC 8|128
1941	MIDI CC 8|129
1942	MIDI CC 9|0
1943	MIDI CC 9|1
1944	MIDI CC 9|2
1945	MIDI CC 9|3
1946	MIDI CC 9|4
1947	MIDI CC 9|5
1948	MIDI CC 9|6
1949	MIDI CC 9|7
1950	MIDI CC 9|8
1951	MIDI CC 9|9
1952	MIDI CC 9|10
1953	MIDI CC 9|11
1954	MIDI CC 9|12
1955	MIDI CC 9|13
1956	MIDI CC 9|14
1957	MIDI CC 9|15
1958	MIDI CC 9|16
1959	MIDI CC 9|17
1960	MIDI CC 9|18
1961	MIDI CC 9|19
1962	MIDI CC 9|20
1963	MIDI CC 9|21
1964	MIDI CC 9|22
1965	MIDI CC 9|23
1966	MIDI CC 9|24
1967	MIDI CC 9|25
1968	MIDI CC 9|26
1969	MIDI CC 9|27
1970	MIDI CC 9|28
1971	MIDI CC 9|29
1972	MIDI CC 9|30
1973	MIDI CC 9|31
1974	MIDI CC 9|32
1975	MIDI CC 9|33
1976	MIDI CC 9|34
1977	MIDI CC 9|35
1978	MIDI CC 9|36
1979	MIDI CC 9|37
1980	MIDI CC 9|38
1981	MIDI CC 9|39
1982	MIDI CC 9|40
1983	MIDI CC 9|41
1984	MIDI CC 9|42
1985	MIDI CC 9|43
1986	MIDI CC 9|44
1987	MIDI CC 9|45
1988	MIDI CC 9|46
1989	MIDI CC 9|47
1990	MIDI CC 9|48
1991	MIDI CC 9|49
1992	MIDI CC 9|50
1993	MIDI CC 9|51
1994	MIDI CC 9|52
1995	MIDI CC 9|53
1996	MIDI CC 9|54
1997	MIDI CC 9|55
1998	MIDI CC 9|56
1999	MIDI CC 9|57
2000	MIDI CC 9|58
2001	MIDI CC 9|59
2002	MIDI CC 9|60
2003	MIDI CC 9|61
2004	MIDI CC 9|62
2005	MIDI CC 9|63
2006	MIDI CC 9|64
2007	MIDI CC 9|65
2008	MIDI CC 9|66
2009	MIDI CC 9|67
2010	MIDI CC 9|68
2011	MIDI CC 9|69
2012	MIDI CC 9|70
2013	MIDI CC 9|71
2014	MIDI CC 9|72
2015	MIDI CC 9|73
2016	MIDI CC 9|74
2017	MIDI CC 9|75
2018	MIDI CC 9|76
2019	MIDI CC 9|77
2020	MIDI CC 9|78
2021	MIDI CC 9|79
2022	MIDI CC 9|80
2023	MIDI CC 9|81
2024	MIDI CC 9|82
2025	MIDI CC 9|83
2026	MIDI CC 9|84
2027	MIDI CC 9|85
2028	MIDI CC 9|86
2029	MIDI CC 9|87
2030	MIDI CC 9|88
2031	MIDI CC 9|89
2032	MIDI CC 9|90
2033	MIDI CC 9|91
2034	MIDI CC 9|92
2035	MIDI CC 9|93
2036	MIDI CC 9|94
2037	MIDI CC 9|95
2038	MIDI CC 9|96
2039	MIDI CC 9|97
2040	MIDI CC 9|98
2041	MIDI CC 9|99
2042	MIDI CC 9|100
2043	MIDI CC 9|101
2044	MIDI CC 9|102
2045	MIDI CC 9|103
2046	MIDI CC 9|104
2047	MIDI CC 9|105
2048	MIDI CC 9|106
2049	MIDI CC 9|107
2050	MIDI CC 9|108
2051	MIDI CC 9|109
2052	MIDI CC 9|110
2053	MIDI CC 9|111
2054	MIDI CC 9|112
2055	MIDI CC 9|113
2056	MIDI CC 9|114
2057	MIDI CC 9|115
2058	MIDI CC 9|116
2059	MIDI CC 9|117
2060	MIDI CC 9|118
2061	MIDI CC 9|119
2062	MIDI CC 9|120
2063	MIDI CC 9|121
2064	MIDI CC 9|122
2065	MIDI CC 9|123
2066	MIDI CC 9|124
2067	MIDI CC 9|125
2068	MIDI CC 9|126
2069	MIDI CC 9|127
2070	MIDI CC 9|128
2071	MIDI CC 9|129
2072	MIDI CC 10|0
2073	MIDI CC 10|1
2074	MIDI CC 10|2
2075	MIDI CC 10|3
2076	MIDI CC 10|4
2077	MIDI CC 10|5
2078	MIDI CC 10|6
2079	MIDI CC 10|7
2080	MIDI CC 10|8
2081	MIDI CC 10|9
2082	MIDI CC 10|10
2083	MIDI CC 10|11
2084	MIDI CC 10|12
2085	MIDI CC 10|13
2086	MIDI CC 10|14
2087	MIDI CC 10|15
2088	MIDI CC 10|16
2089	MIDI CC 10|17
2090	MIDI CC 10|18
2091	MIDI CC 10|19
2092	MIDI CC 10|20
2093	MIDI CC 10|21
2094	MIDI CC 10|22
2095	MIDI CC 10|23
2096	MIDI CC 10|24
2097	MIDI CC 10|25
2098	MIDI CC 10|26
2099	MIDI CC 10|27
2100	MIDI CC 10|28
2101	MIDI CC 10|29
2102	MIDI CC 10|30
2103	MIDI CC 10|31
2104	MIDI CC 10|32
2105	MIDI CC 10|33
2106	MIDI CC 10|34
2107	MIDI CC 10|35
2108	MIDI CC 10|36
2109	MIDI CC 10|37
2110	MIDI CC 10|38
2111	MIDI CC 10|39
2112	MIDI CC 10|40
2113	MIDI CC 10|41
2114	MIDI CC 10|42
2115	MIDI CC 10|43
2116	MIDI CC 10|44
2117	MIDI CC 10|45
2118	MIDI CC 10|46
2119	MIDI CC 10|47
2120	MIDI CC 10|48
2121	MIDI CC 10|49
2122	MIDI CC 10|50
2123	MIDI CC 10|51
2124	MIDI CC 10|52
2125	MIDI CC 10|53
2126	MIDI CC 10|54
2127	MIDI CC 10|55
2128	MIDI CC 10|56
2129	MIDI CC 10|57
2130	MIDI CC 10|58
2131	MIDI CC 10|59
2132	MIDI CC 10|60
2133	MIDI CC 10|61
2134	MIDI CC 10|62
2135	MIDI CC 10|63
2136	MIDI CC 10|64
2137	MIDI CC 10|65
2138	MIDI CC 10|66
2139	MIDI CC 10|67
2140	MIDI CC 10|68
2141	MIDI CC 10|69
2142	MIDI CC 10|70
2143	MIDI CC 10|71
2144	MIDI CC 10|72
2145	MIDI CC 10|73
2146	MIDI CC 10|74
2147	MIDI CC 10|75
2148	MIDI CC 10|76
2149	MIDI CC 10|77
2150	MIDI CC 10|78
2151	MIDI CC 10|79
2152	MIDI CC 10|80
2153	MIDI CC 10|81
2154	MIDI CC 10|82
2155	MIDI CC 10|83
2156	MIDI CC 10|84
2157	MIDI CC 10|85
2158	MIDI CC 10|86
2159	MIDI CC 10|87
2160	MIDI CC 10|88
2161	MIDI CC 10|89
2162	MIDI CC 10|90
2163	MIDI CC 10|91
2164	MIDI CC 10|92
2165	MIDI CC 10|93
2166	MIDI CC 10|94
2167	MIDI CC 10|95
2168	MIDI CC 10|96
2169	MIDI CC 10|97
2170	MIDI CC 10|98
2171	MIDI CC 10|99
2172	MIDI CC 10|100
2173	MIDI CC 10|101
2174	MIDI CC 10|102
2175	MIDI CC 10|103
2176	MIDI CC 10|104
2177	MIDI CC 10|105
2178	MIDI CC 10|106
2179	MIDI CC 10|107
2180	MIDI CC 10|108
2181	MIDI CC 10|109
2182	MIDI CC 10|110
2183	MIDI CC 10|111
2184	MIDI CC 10|112
2185	MIDI CC 10|113
2186	MIDI CC 10|114
2187	MIDI CC 10|115
2188	MIDI CC 10|116
2189	MIDI CC 10|117
2190	MIDI CC 10|118
2191	MIDI CC 10|119
2192	MIDI CC 10|120
2193	MIDI CC 10|121
2194	MIDI CC 10|122
2195	MIDI CC 10|123
2196	MIDI CC 10|124
2197	MIDI CC 10|125
2198	MIDI CC 10|126
2199	MIDI CC 10|127
2200	MIDI CC 10|128
2201	MIDI CC 10|129
2202	MIDI CC 11|0
2203	MIDI CC 11|1
2204	MIDI CC 11|2
2205	MIDI CC 11|3
2206	MIDI CC 11|4
2207	MIDI CC 11|5
2208	MIDI CC 11|6
2209	MIDI CC 11|7
2210	MIDI CC 11|8
2211	MIDI CC 11|9
2212	MIDI CC 11|10
2213	MIDI CC 11|11
2214	MIDI CC 11|12
2215	MIDI CC 11|13
2216	MIDI CC 11|14
2217	MIDI CC 11|15
2218	MIDI CC 11|16
2219	MIDI CC 11|17
2220	MIDI CC 11|18
2221	MIDI CC 11|19
2222	MIDI CC 11|20
2223	MIDI CC 11|21
2224	MIDI CC 11|22
2225	MIDI CC 11|23
2226	MIDI CC 11|24
2227	MIDI CC 11|25
2228	MIDI CC 11|26
2229	MIDI CC 11|27
2230	MIDI CC 11|28
2231	MIDI CC 11|29
2232	MIDI CC 11|30
2233	MIDI CC 11|31
2234	MIDI CC 11|32
2235	MIDI CC 11|33
2236	MIDI CC 11|34
2237	MIDI CC 11|35
2238	MIDI CC 11|36
2239	MIDI CC 11|37
2240	MIDI CC 11|38
2241	MIDI CC 11|39
2242	MIDI CC 11|40
2243	MIDI CC 11|41
2244	MIDI CC 11|42
2245	MIDI CC 11|43
2246	MIDI CC 11|44
2247	MIDI CC 11|45
2248	MIDI CC 11|46
2249	MIDI CC 11|47
2250	MIDI CC 11|48
2251	MIDI CC 11|49
2252	MIDI CC 11|50
2253	MIDI CC 11|51
2254	MIDI CC 11|52
2255	MIDI CC 11|53
2256	MIDI CC 11|54
2257	MIDI CC 11|55
2258	MIDI CC 11|56
2259	MIDI CC 11|57
2260	MIDI CC 11|58
2261	MIDI CC 11|59
2262	MIDI CC 11|60
2263	MIDI CC 11|61
2264	MIDI CC 11|62
2265	MIDI CC 11|63
2266	MIDI CC 11|64
2267	MIDI CC 11|65
2268	MIDI CC 11|66
2269	MIDI CC 11|67
2270	MIDI CC 11|68
2271	MIDI CC 11|69
2272	MIDI CC 11|70
2273	MIDI CC 11|71
2274	MIDI CC 11|72
2275	MIDI CC 11|73
2276	MIDI CC 11|74
2277	MIDI CC 11|75
2278	MIDI CC 11|76
2279	MIDI CC 11|77
2280	MIDI CC 11|78
2281	MIDI CC 11|79
2282	MIDI CC 11|80
2283	MIDI CC 11|81
2284	MIDI CC 11|82
2285	MIDI CC 11|83
2286	MIDI CC 11|84
2287	MIDI CC 11|85
2288	MIDI CC 11|86
2289	MIDI CC 11|87
2290	MIDI CC 11|88
2291	MIDI CC 11|89
2292	MIDI CC 11|90
2293	MIDI CC 11|91
2294	MIDI CC 11|92
2295	MIDI CC 11|93
2296	MIDI CC 11|94
2297	MIDI CC 11|95
2298	MIDI CC 11|96
2299	MIDI CC 11|97
2300	MIDI CC 11|98
2301	MIDI CC 11|99
2302	MIDI CC 11|100
2303	MIDI CC 11|101
2304	MIDI CC 11|102
2305	MIDI CC 11|103
2306	MIDI CC 11|104
2307	MIDI CC 11|105
2308	MIDI CC 11|106
2309	MIDI CC 11|107
2310	MIDI CC 11|108
2311	MIDI CC 11|109
2312	MIDI CC 11|110
2313	MIDI CC 11|111
2314	MIDI CC 11|112
2315	MIDI CC 11|113
2316	MIDI CC 11|114
2317	MIDI CC 11|115
2318	MIDI CC 11|116
2319	MIDI CC 11|117
2320	MIDI CC 11|118
2321	MIDI CC 11|119
2322	MIDI CC 11|120
2323	MIDI CC 11|121
2324	MIDI CC 11|122
2325	MIDI CC 11|123
2326	MIDI CC 11|124
2327	MIDI CC 11|125
2328	MIDI CC 11|126
2329	MIDI CC 11|127
2330	MIDI CC 11|128
2331	MIDI CC 11|129
2332	MIDI CC 12|0
2333	MIDI CC 12|1
2334	MIDI CC 12|2
2335	MIDI CC 12|3
2336	MIDI CC 12|4
2337	MIDI CC 12|5
2338	MIDI CC 12|6
2339	MIDI CC 12|7
2340	MIDI CC 12|8
2341	MIDI CC 12|9
2342	MIDI CC 12|10
2343	MIDI CC 12|11
2344	MIDI CC 12|12
2345	MIDI CC 12|13
2346	MIDI CC 12|14
2347	MIDI CC 12|15
2348	MIDI CC 12|16
2349	MIDI CC 12|17
2350	MIDI CC 12|18
2351	MIDI CC 12|19
2352	MIDI CC 12|20
2353	MIDI CC 12|21
2354	MIDI CC 12|22
2355	MIDI CC 12|23
2356	MIDI CC 12|24
2357	MIDI CC 12|25
2358	MIDI CC 12|26
2359	MIDI CC 12|27
2360	MIDI CC 12|28
2361	MIDI CC 12|29
2362	MIDI CC 12|30
2363	MIDI CC 12|31
2364	MIDI CC 12|32
2365	MIDI CC 12|33
2366	MIDI CC 12|34
2367	MIDI CC 12|35
2368	MIDI CC 12|36
2369	MIDI CC 12|37
2370	MIDI CC 12|38
2371	MIDI CC 12|39
2372	MIDI CC 12|40
2373	MIDI CC 12|41
2374	MIDI CC 12|42
2375	MIDI CC 12|43
2376	MIDI CC 12|44
2377	MIDI CC 12|45
2378	MIDI CC 12|46
2379	MIDI CC 12|47
2380	MIDI CC 12|48
2381	MIDI CC 12|49
2382	MIDI CC 12|50
2383	MIDI CC 12|51
2384	MIDI CC 12|52
2385	MIDI CC 12|53
2386	MIDI CC 12|54
2387	MIDI CC 12|55
2388	MIDI CC 12|56
2389	MIDI CC 12|57
2390	MIDI CC 12|58
2391	MIDI CC 12|59
2392	MIDI CC 12|60
2393	MIDI CC 12|61
2394	MIDI CC 12|62
2395	MIDI CC 12|63
2396	MIDI CC 12|64
2397	MIDI CC 12|65
2398	MIDI CC 12|66
2399	MIDI CC 12|67
2400	MIDI CC 12|68
2401	MIDI CC 12|69
2402	MIDI CC 12|70
2403	MIDI CC 12|71
2404	MIDI CC 12|72
2405	MIDI CC 12|73
2406	MIDI CC 12|74
2407	MIDI CC 12|75
2408	MIDI CC 12|76
2409	MIDI CC 12|77
2410	MIDI CC 12|78
2411	MIDI CC 12|79
2412	MIDI CC 12|80
2413	MIDI CC 12|81
2414	MIDI CC 12|82
2415	MIDI CC 12|83
2416	MIDI CC 12|84
2417	MIDI CC 12|85
2418	MIDI CC 12|86
2419	MIDI CC 12|87
2420	MIDI CC 12|88
2421	MIDI CC 12|89
2422	MIDI CC 12|90
2423	MIDI CC 12|91
2424	MIDI CC 12|92
2425	MIDI CC 12|93
2426	MIDI CC 12|94
2427	MIDI CC 12|95
2428	MIDI CC 12|96
2429	MIDI CC 12|97
2430	MIDI CC 12|98
2431	MIDI CC 12|99
2432	MIDI CC 12|100
2433	MIDI CC 12|101
2434	MIDI CC 12|102
2435	MIDI CC 12|103
2436	MIDI CC 12|104
2437	MIDI CC 12|105
2438	MIDI CC 12|106
2439	MIDI CC 12|107
2440	MIDI CC 12|108
2441	MIDI CC 12|109
2442	MIDI CC 12|110
2443	MIDI CC 12|111
2444	MIDI CC 12|112
2445	MIDI CC 12|113
2446	MIDI CC 12|114
2447	MIDI CC 12|115
2448	MIDI CC 12|116
2449	MIDI CC 12|117
2450	MIDI CC 12|118
2451	MIDI CC 12|119
2452	MIDI CC 12|120
2453	MIDI CC 12|121
2454	MIDI CC 12|122
2455	MIDI CC 12|123
2456	MIDI CC 12|124
2457	MIDI CC 12|125
2458	MIDI CC 12|126
2459	MIDI CC 12|127
2460	MIDI CC 12|128
2461	MIDI CC 12|129
2462	MIDI CC 13|0
2463	MIDI CC 13|1
2464	MIDI CC 13|2
2465	MIDI CC 13|3
2466	MIDI CC 13|4
2467	MIDI CC 13|5
2468	MIDI CC 13|6
2469	MIDI CC 13|7
2470	MIDI CC 13|8
2471	MIDI CC 13|9
2472	MIDI CC 13|10
2473	MIDI CC 13|11
2474	MIDI CC 13|12
2475	MIDI CC 13|13
2476	MIDI CC 13|14
2477	MIDI CC 13|15
2478	MIDI CC 13|16
2479	MIDI CC 13|17
2480	MIDI CC 13|18
2481	MIDI CC 13|19
2482	MIDI CC 13|20
2483	MIDI CC 13|21
2484	MIDI CC 13|22
2485	MIDI CC 13|23
2486	MIDI CC 13|24
2487	MIDI CC 13|25
2488	MIDI CC 13|26
2489	MIDI CC 13|27
2490	MIDI CC 13|28
2491	MIDI CC 13|29
2492	MIDI CC 13|30
2493	MIDI CC 13|31
2494	MIDI CC 13|32
2495	MIDI CC 13|33
2496	MIDI CC 13|34
2497	MIDI CC 13|35
2498	MIDI CC 13|36
2499	MIDI CC 13|37
2500	MIDI CC 13|38
2501	MIDI CC 13|39
2502	MIDI CC 13|40
2503	MIDI CC 13|41
2504	MIDI CC 13|42
2505	MIDI CC 13|43
2506	MIDI CC 13|44
2507	MIDI CC 13|45
2508	MIDI CC 13|46
2509	MIDI CC 13|47
2510	MIDI CC 13|48
2511	MIDI CC 13|49
2512	MIDI CC 13|50
2513	MIDI CC 13|51
2514	MIDI CC 13|52
2515	MIDI CC 13|53
2516	MIDI CC 13|54
2517	MIDI CC 13|55
2518	MIDI CC 13|56
2519	MIDI CC 13|57
2520	MIDI CC 13|58
2521	MIDI CC 13|59
2522	MIDI CC 13|60
2523	MIDI CC 13|61
2524	MIDI CC 13|62
2525	MIDI CC 13|63
2526	MIDI CC 13|64
2527	MIDI CC 13|65
2528	MIDI CC 13|66
2529	MIDI CC 13|67
2530	MIDI CC 13|68
2531	MIDI CC 13|69
2532	MIDI CC 13|70
2533	MIDI CC 13|71
2534	MIDI CC 13|72
2535	MIDI CC 13|73
2536	MIDI CC 13|74
2537	MIDI CC 13|75
2538	MIDI CC 13|76
2539	MIDI CC 13|77
2540	MIDI CC 13|78
2541	MIDI CC 13|79
2542	MIDI CC 13|80
2543	MIDI CC 13|81
2544	MIDI CC 13|82
2545	MIDI CC 13|83
2546	MIDI CC 13|84
2547	MIDI CC 13|85
2548	MIDI CC 13|86
2549	MIDI CC 13|87
2550	MIDI CC 13|88
2551	MIDI CC 13|89
2552	MIDI CC 13|90
2553	MIDI CC 13|91
2554	MIDI CC 13|92
2555	MIDI CC 13|93
2556	MIDI CC 13|94
2557	MIDI CC 13|95
2558	MIDI CC 13|96
2559	MIDI CC 13|97
2560	MIDI CC 13|98
2561	MIDI CC 13|99
2562	MIDI CC 13|100
2563	MIDI CC 13|101
2564	MIDI CC 13|102
2565	MIDI CC 13|103
2566	MIDI CC 13|104
2567	MIDI CC 13|105
2568	MIDI CC 13|106
2569	MIDI CC 13|107
2570	MIDI CC 13|108
2571	MIDI CC 13|109
2572	MIDI CC 13|110
2573	MIDI CC 13|111
2574	MIDI CC 13|112
2575	MIDI CC 13|113
2576	MIDI CC 13|114
2577	MIDI CC 13|115
2578	MIDI CC 13|116
2579	MIDI CC 13|117
2580	MIDI CC 13|118
2581	MIDI CC 13|119
2582	MIDI CC 13|120
2583	MIDI CC 13|121
2584	MIDI CC 13|122
2585	MIDI CC 13|123
2586	MIDI CC 13|124
2587	MIDI CC 13|125
2588	MIDI CC 13|126
2589	MIDI CC 13|127
2590	MIDI CC 13|128
2591	MIDI CC 13|129
2592	MIDI CC 14|0
2593	MIDI CC 14|1
2594	MIDI CC 14|2
2595	MIDI CC 14|3
2596	MIDI CC 14|4
2597	MIDI CC 14|5
2598	MIDI CC 14|6
2599	MIDI CC 14|7
2600	MIDI CC 14|8
2601	MIDI CC 14|9
2602	MIDI CC 14|10
2603	MIDI CC 14|11
2604	MIDI CC 14|12
2605	MIDI CC 14|13
2606	MIDI CC 14|14
2607	MIDI CC 14|15
2608	MIDI CC 14|16
2609	MIDI CC 14|17
2610	MIDI CC 14|18
2611	MIDI CC 14|19
2612	MIDI CC 14|20
2613	MIDI CC 14|21
2614	MIDI CC 14|22
2615	MIDI CC 14|23
2616	MIDI CC 14|24
2617	MIDI CC 14|25
2618	MIDI CC 14|26
2619	MIDI CC 14|27
2620	MIDI CC 14|28
2621	MIDI CC 14|29
2622	MIDI CC 14|30
2623	MIDI CC 14|31
2624	MIDI CC 14|32
2625	MIDI CC 14|33
2626	MIDI CC 14|34
2627	MIDI CC 14|35
2628	MIDI CC 14|36
2629	MIDI CC 14|37
2630	MIDI CC 14|38
2631	MIDI CC 14|39
2632	MIDI CC 14|40
2633	MIDI CC 14|41
2634	MIDI CC 14|42
2635	MIDI CC 14|43
2636	MIDI CC 14|44
2637	MIDI CC 14|45
2638	MIDI CC 14|46
2639	MIDI CC 14|47
2640	MIDI CC 14|48
2641	MIDI CC 14|49
2642	MIDI CC 14|50
2643	MIDI CC 14|51
2644	MIDI CC 14|52
2645	MIDI CC 14|53
2646	MIDI CC 14|54
2647	MIDI CC 14|55
2648	MIDI CC 14|56
2649	MIDI CC 14|57
2650	MIDI CC 14|58
2651	MIDI CC 14|59
2652	MIDI CC 14|60
2653	MIDI CC 14|61
2654	MIDI CC 14|62
2655	MIDI CC 14|63
2656	MIDI CC 14|64
2657	MIDI CC 14|65
2658	MIDI CC 14|66
2659	MIDI CC 14|67
2660	MIDI CC 14|68
2661	MIDI CC 14|69
2662	MIDI CC 14|70
2663	MIDI CC 14|71
2664	MIDI CC 14|72
2665	MIDI CC 14|73
2666	MIDI CC 14|74
2667	MIDI CC 14|75
2668	MIDI CC 14|76
2669	MIDI CC 14|77
2670	MIDI CC 14|78
2671	MIDI CC 14|79
2672	MIDI CC 14|80
2673	MIDI CC 14|81
2674	MIDI CC 14|82
2675	MIDI CC 14|83
2676	MIDI CC 14|84
2677	MIDI CC 14|85
2678	MIDI CC 14|86
2679	MIDI CC 14|87
2680	MIDI CC 14|88
2681	MIDI CC 14|89
2682	MIDI CC 14|90
2683	MIDI CC 14|91
2684	MIDI CC 14|92
2685	MIDI CC 14|93
2686	MIDI CC 14|94
2687	MIDI CC 14|95
2688	MIDI CC 14|96
2689	MIDI CC 14|97
2690	MIDI CC 14|98
2691	MIDI CC 14|99
2692	MIDI CC 14|100
2693	MIDI CC 14|101
2694	MIDI CC 14|102
2695	MIDI CC 14|103
2696	MIDI CC 14|104
2697	MIDI CC 14|105
2698	MIDI CC 14|106
2699	MIDI CC 14|107
2700	MIDI CC 14|108
2701	MIDI CC 14|109
2702	MIDI CC 14|110
2703	MIDI CC 14|111
2704	MIDI CC 14|112
2705	MIDI CC 14|113
2706	MIDI CC 14|114
2707	MIDI CC 14|115
2708	MIDI CC 14|116
2709	MIDI CC 14|117
2710	MIDI CC 14|118
2711	MIDI CC 14|119
2712	MIDI CC 14|120
2713	MIDI CC 14|121
2714	MIDI CC 14|122
2715	MIDI CC 14|123
2716	MIDI CC 14|124
2717	MIDI CC 14|125
2718	MIDI CC 14|126
2719	MIDI CC 14|127
2720	MIDI CC 14|128
2721	MIDI CC 14|129
2722	MIDI CC 15|0
2723	MIDI CC 15|1
2724	MIDI CC 15|2
2725	MIDI CC 15|3
2726	MIDI CC 15|4
2727	MIDI CC 15|5
2728	MIDI CC 15|6
2729	MIDI CC 15|7
2730	MIDI CC 15|8
2731	MIDI CC 15|9
2732	MIDI CC 15|10
2733	MIDI CC 15|11
2734	MIDI CC 15|12
2735	MIDI CC 15|13
2736	MIDI CC 15|14
2737	MIDI CC 15|15
2738	MIDI CC 15|16
2739	MIDI CC 15|17
2740	MIDI CC 15|18
2741	MIDI CC 15|19
2742	MIDI CC 15|20
2743	MIDI CC 15|21
2744	MIDI CC 15|22
2745	MIDI CC 15|23
2746	MIDI CC 15|24
2747	MIDI CC 15|25
2748	MIDI CC 15|26
2749	MIDI CC 15|27
2750	MIDI CC 15|28
2751	MIDI CC 15|29
2752	MIDI CC 15|30
2753	MIDI CC 15|31
2754	MIDI CC 15|32
2755	MIDI CC 15|33
2756	MIDI CC 15|34
2757	MIDI CC 15|35
2758	MIDI CC 15|36
2759	MIDI CC 15|37
2760	MIDI CC 15|38
2761	MIDI CC 15|39
2762	MIDI CC 15|40
2763	MIDI CC 15|41
2764	MIDI CC 15|42
2765	MIDI CC 15|43
2766	MIDI CC 15|44
2767	MIDI CC 15|45
2768	MIDI CC 15|46
2769	MIDI CC 15|47
2770	MIDI CC 15|48
2771	MIDI CC 15|49
2772	MIDI CC 15|50
2773	MIDI CC 15|51
2774	MIDI CC 15|52
2775	MIDI CC 15|53
2776	MIDI CC 15|54
2777	MIDI CC 15|55
2778	MIDI CC 15|56
2779	MIDI CC 15|57
2780	MIDI CC 15|58
2781	MIDI CC 15|59
2782	MIDI CC 15|60
2783	MIDI CC 15|61
2784	MIDI CC 15|62
2785	MIDI CC 15|63
2786	MIDI CC 15|64
2787	MIDI CC 15|65
2788	MIDI CC 15|66
2789	MIDI CC 15|67
2790	MIDI CC 15|68
2791	MIDI CC 15|69
2792	MIDI CC 15|70
2793	MIDI CC 15|71
2794	MIDI CC 15|72
2795	MIDI CC 15|73
2796	MIDI CC 15|74
2797	MIDI CC 15|75
2798	MIDI CC 15|76
2799	MIDI CC 15|77
2800	MIDI CC 15|78
2801	MIDI CC 15|79
2802	MIDI CC 15|80
2803	MIDI CC 15|81
2804	MIDI CC 15|82
2805	MIDI CC 15|83
2806	MIDI CC 15|84
2807	MIDI CC 15|85
2808	MIDI CC 15|86
2809	MIDI CC 15|87
2810	MIDI CC 15|88
2811	MIDI CC 15|89
2812	MIDI CC 15|90
2813	MIDI CC 15|91
2814	MIDI CC 15|92
2815	MIDI CC 15|93
2816	MIDI CC 15|94
2817	MIDI CC 15|95
2818	MIDI CC 15|96
2819	MIDI CC 15|97
2820	MIDI CC 15|98
2821	MIDI CC 15|99
2822	MIDI CC 15|100
2823	MIDI CC 15|101
2824	MIDI CC 15|102
2825	MIDI CC 15|103
2826	MIDI CC 15|104
2827	MIDI CC 15|105
2828	MIDI CC 15|106
2829	MIDI CC 15|107
2830	MIDI CC 15|108
2831	MIDI CC 15|109
2832	MIDI CC 15|110
2833	MIDI CC 15|111
2834	MIDI CC 15|112
2835	MIDI CC 15|113
2836	MIDI CC 15|114
2837	MIDI CC 15|115
2838	MIDI CC 15|116
2839	MIDI CC 15|117
2840	MIDI CC 15|118
2841	MIDI CC 15|119
2842	MIDI CC 15|120
2843	MIDI CC 15|121
2844	MIDI CC 15|122
2845	MIDI CC 15|123
2846	MIDI CC 15|124
2847	MIDI CC 15|125
2848	MIDI CC 15|126
2849	MIDI CC 15|127
2850	MIDI CC 15|128
2851	MIDI CC 15|129